id,login_id,email,pwd,role,profile_img_url,first_name,last_name,nickname,age,birthdate,gender,reg_date,height,weight,goal_type,streak_days,max_streak_days,total_workout_days,total_workout_minutes,total_calories,level,exp,coin,group_id,marketing_agree,active,update_date
1,admin,admin@example.com,admin,ADMIN,https://cdn.example.com/profiles/U0001.png,admin,admin,admin,0,1995-01-03,F,2025-02-23 07:00:00,0,0,1,0,0,0,0,0,0,0,0,,0,1,2025-03-09 07:00:00
2,youngho.han2,youngho.han2@example.com,$2a$10$mockhashedpasswordvalue02,USER,https://cdn.example.com/profiles/U0002.png,Youngho,Han,fitfox2,32,1993-07-31,M,2025-06-24 18:00:00,155.4,88.1,3,5,53,52,1040,17316,12,41664,17335,,1,1,2025-07-28 18:00:00
3,seungmin.lee3,seungmin.lee3@example.com,$2a$10$mockhashedpasswordvalue03,USER,https://cdn.example.com/profiles/U0003.png,Seungmin,Lee,ironheart3,29,1996-07-29,F,2025-07-06 04:00:00,156.7,48.1,2,5,34,148,2960,50912,9,25713,41660,,1,1,2025-07-28 04:00:00
4,jimin.choi4,jimin.choi4@example.com,$2a$10$mockhashedpasswordvalue04,USER,https://cdn.example.com/profiles/U0004.png,Jimin,Choi,gainseeker4,21,2004-03-29,F,2025-10-02 09:00:00,158.6,65.8,3,44,79,327,6540,163500,11,48972,3665,,1,1,2025-10-27 09:00:00
5,hyunseo.jung5,hyunseo.jung5@example.com,$2a$10$mockhashedpasswordvalue05,USER,https://cdn.example.com/profiles/U0005.png,Hyunseo,Jung,gainseeker5,28,1997-01-21,F,2025-09-13 22:00:00,181.0,73.9,2,8,39,135,5400,58995,18,37368,48956,,0,1,2025-10-06 22:00:00
6,seojin.choi6,seojin.choi6@example.com,$2a$10$mockhashedpasswordvalue06,USER,https://cdn.example.com/profiles/U0006.png,Seojin,Choi,stretchy6,33,1992-01-15,M,2025-02-26 14:00:00,172.0,80.6,4,4,53,305,9150,138775,15,47505,16476,,1,1,2025-04-10 14:00:00
7,jimin.shin7,jimin.shin7@example.com,$2a$10$mockhashedpasswordvalue07,USER,https://cdn.example.com/profiles/U0007.png,Jimin,Shin,runbunny7,29,1996-08-01,M,2025-03-23 00:00:00,150.1,77.5,3,48,59,256,10240,52224,10,44470,41874,,1,1,2025-04-01 00:00:00
8,yuna.kang8,yuna.kang8@example.com,$2a$10$mockhashedpasswordvalue08,USER,https://cdn.example.com/profiles/U0008.png,Yuna,Kang,ironheart8,35,1990-01-05,F,2025-06-16 01:00:00,150.7,86.8,5,3,33,122,4880,23180,3,11991,31849,,1,1,2025-06-24 01:00:00
9,jaehee.han9,jaehee.han9@example.com,$2a$10$mockhashedpasswordvalue09,USER,https://cdn.example.com/profiles/U0009.png,Jaehee,Han,corequeen9,24,2001-11-01,F,2025-08-05 16:00:00,182.5,79.0,2,19,70,365,14600,175930,12,33528,33919,,1,1,2025-08-19 16:00:00
10,taemin.lee10,taemin.lee10@example.com,$2a$10$mockhashedpasswordvalue10,USER,https://cdn.example.com/profiles/U0010.png,Taemin,Lee,gainseeker10,23,2002-06-04,F,2025-10-29 17:00:00,150.3,76.9,1,4,8,117,3510,21762,17,33558,18250,,0,1,2025-12-02 17:00:00
11,youngho.park11,youngho.park11@example.com,$2a$10$mockhashedpasswordvalue11,USER,https://cdn.example.com/profiles/U0011.png,Youngho,Park,stretchy11,30,1995-06-14,M,2025-07-28 16:00:00,153.3,74.7,3,26,85,216,8640,38232,4,4992,26386,,0,1,2025-08-12 16:00:00
12,hana.choi12,hana.choi12@example.com,$2a$10$mockhashedpasswordvalue12,USER,https://cdn.example.com/profiles/U0012.png,Hana,Choi,stretchy12,32,1993-02-22,M,2025-04-04 18:00:00,166.2,84.4,5,51,86,226,4520,39550,18,79632,967,,1,1,2025-04-30 18:00:00
13,hojun.han13,hojun.han13@example.com,$2a$10$mockhashedpasswordvalue13,USER,https://cdn.example.com/profiles/U0013.png,Hojun,Han,cardioking13,34,1991-04-26,F,2025-07-14 10:00:00,184.5,56.9,4,27,89,146,2920,36062,10,18910,3832,,1,1,2025-08-30 10:00:00
14,jisoo.kang14,jisoo.kang14@example.com,$2a$10$mockhashedpasswordvalue14,USER,https://cdn.example.com/profiles/U0014.png,Jisoo,Kang,gainseeker14,25,2000-09-10,F,2025-09-29 15:00:00,152.0,67.9,2,4,90,35,700,12460,4,19424,37334,,1,1,2025-11-07 15:00:00
15,dongho.lee15,dongho.lee15@example.com,$2a$10$mockhashedpasswordvalue15,USER,https://cdn.example.com/profiles/U0015.png,Dongho,Lee,gainseeker15,24,2001-09-22,U,2025-05-14 16:00:00,173.4,59.1,3,8,90,202,6060,77568,11,52855,49274,,1,1,2025-06-22 16:00:00
16,jiwon.hwang16,jiwon.hwang16@example.com,$2a$10$mockhashedpasswordvalue16,USER,https://cdn.example.com/profiles/U0016.png,Jiwon,Hwang,ironheart16,31,1994-10-13,F,2025-05-16 14:00:00,182.7,84.6,2,18,38,189,5670,80892,10,35050,42858,,1,1,2025-07-14 14:00:00
17,seojin.lee17,seojin.lee17@example.com,$2a$10$mockhashedpasswordvalue17,USER,https://cdn.example.com/profiles/U0017.png,Seojin,Lee,runbunny17,33,1992-05-26,F,2025-03-21 18:00:00,159.9,54.5,3,43,83,104,3120,42432,16,32448,3329,,1,1,2025-05-13 18:00:00
18,jisoo.jung18,jisoo.jung18@example.com,$2a$10$mockhashedpasswordvalue18,USER,https://cdn.example.com/profiles/U0018.png,Jisoo,Jung,legday18,33,1992-12-07,U,2025-03-25 09:00:00,165.5,76.8,1,4,23,57,2280,9576,12,40620,36210,,0,1,2025-03-27 09:00:00
19,jungkook.jung19,jungkook.jung19@example.com,$2a$10$mockhashedpasswordvalue19,USER,https://cdn.example.com/profiles/U0019.png,Jungkook,Jung,legday19,31,1994-09-17,F,2025-02-22 21:00:00,177.3,84.8,5,47,56,317,6340,73861,6,27660,27020,,1,1,2025-04-13 21:00:00
20,eunseo.yoon20,eunseo.yoon20@example.com,$2a$10$mockhashedpasswordvalue20,USER,https://cdn.example.com/profiles/U0020.png,Eunseo,Yoon,homebeast20,20,2005-09-23,M,2025-07-15 11:00:00,180.1,55.0,4,19,48,179,3580,28998,7,18424,21512,,1,1,2025-08-06 11:00:00
21,seungmin.shin21,seungmin.shin21@example.com,$2a$10$mockhashedpasswordvalue21,USER,https://cdn.example.com/profiles/U0021.png,Seungmin,Shin,legday21,35,1990-08-15,M,2025-05-14 15:00:00,170.3,89.3,1,38,65,55,1650,17050,14,48762,33516,,0,1,2025-05-30 15:00:00
22,dongho.kim22,dongho.kim22@example.com,$2a$10$mockhashedpasswordvalue22,USER,https://cdn.example.com/profiles/U0022.png,Dongho,Kim,ironheart22,23,2002-01-28,F,2025-07-06 23:00:00,152.4,74.9,3,20,35,319,12760,96657,17,38522,43705,,0,1,2025-08-19 23:00:00
23,jaehee.jung23,jaehee.jung23@example.com,$2a$10$mockhashedpasswordvalue23,USER,https://cdn.example.com/profiles/U0023.png,Jaehee,Jung,yogacat23,26,1999-06-07,M,2025-04-01 05:00:00,169.9,63.3,1,18,44,155,4650,69130,20,73620,21118,,0,1,2025-05-14 05:00:00
24,gyuri.choi24,gyuri.choi24@example.com,$2a$10$mockhashedpasswordvalue24,USER,https://cdn.example.com/profiles/U0024.png,Gyuri,Choi,homebeast24,21,2004-10-11,M,2025-05-27 02:00:00,173.2,72.9,1,43,62,120,2400,30120,5,5500,3028,,0,1,2025-06-25 02:00:00
25,youngho.yoon25,youngho.yoon25@example.com,$2a$10$mockhashedpasswordvalue25,USER,https://cdn.example.com/profiles/U0025.png,Youngho,Yoon,cardioking25,24,2001-02-01,M,2025-05-05 14:00:00,173.0,45.2,1,14,36,217,8680,90055,15,18075,36530,,1,1,2025-05-13 14:00:00
26,gyuri.han26,gyuri.han26@example.com,$2a$10$mockhashedpasswordvalue26,USER,https://cdn.example.com/profiles/U0026.png,Gyuri,Han,gainseeker26,28,1997-02-12,M,2025-11-11 09:00:00,181.2,64.2,4,47,77,81,2430,22842,8,35520,41789,,1,1,2025-12-21 09:00:00
27,jimin.choi27,jimin.choi27@example.com,$2a$10$mockhashedpasswordvalue27,USER,https://cdn.example.com/profiles/U0027.png,Jimin,Choi,runbunny27,29,1996-05-29,F,2025-05-20 20:00:00,161.2,69.3,2,14,63,77,3080,17556,7,8841,27188,,0,1,2025-06-15 20:00:00
28,hana.kim28,hana.kim28@example.com,$2a$10$mockhashedpasswordvalue28,USER,https://cdn.example.com/profiles/U0028.png,Hana,Kim,cardioking28,22,2003-02-06,M,2025-10-22 22:00:00,166.7,87.4,3,54,80,199,7960,85371,20,93540,14453,,1,1,2025-11-18 22:00:00
29,minseo.han29,minseo.han29@example.com,$2a$10$mockhashedpasswordvalue29,USER,https://cdn.example.com/profiles/U0029.png,Minseo,Han,legday29,20,2005-01-01,M,2025-03-27 00:00:00,182.2,89.1,5,37,73,201,8040,32763,3,10896,28089,,0,1,2025-03-30 00:00:00
30,seungmin.jung30,seungmin.jung30@example.com,$2a$10$mockhashedpasswordvalue30,USER,https://cdn.example.com/profiles/U0030.png,Seungmin,Jung,yogacat30,25,2000-03-13,U,2025-06-22 22:00:00,159.7,87.8,4,53,58,129,3870,20511,18,21834,22935,1,1,1,2025-08-10 22:00:00